{
  "name": "droparea",
  "title": "jQuery droparea",
  "description": "jQuery plugin for HTML5 drag-and-drop (images and files).",
  "keywords": [
    "droparea",
    "drag",
    "drop",
    "image",
    "file",
    "upload"
  ],
  "version": "1.1.1",
  "author": {
    "name": "goker.cebeci"
  },
  "maintainers": [
    {
      "name": "Goker Cebeci",
      "url": "http://gokercebeci.com"
    },
    {
      "name": "Artem Shoobovych"
    }
  ],
  "licenses": [
    {
      "type": "MIT",
      "url": "https://github.com/gokercebeci/droparea/LICENSE"
    }
  ],
  "bugs": "https://github.com/gokercebeci/droparea/issues",
  "homepage": "http://gokercebeci.com/dev/droparea",
  "docs": "https://github.com/gokercebeci/droparea",
  "download": "http://gokercebeci.com/dev/droparea",
  "dependencies": {
    "jquery": ">=1.5"
  }
}
